{"cameraMode":{"drawMode":0,"name":"Shaded","section":"Shading Mode"},"sceneLighting":false,"audioPlay":false,"sceneViewState":{"m_AlwaysRefresh":false,"showFog":true,"showSkybox":false,"showFlares":true,"showImageEffects":true,"showParticleSystems":true,"showVisualEffectGraphs":true,"m_FxEnabled":true},"in2DMode":false,"pivot":{"x":11.41391658782959,"y":2.4870264530181886,"z":5.716933250427246},"rotation":{"x":0.029836595058441163,"y":-0.7242045402526856,"z":0.03207150101661682,"w":0.6885550022125244},"size":0.8660253882408142,"orthographic":false}