{"cameraMode":{"drawMode":0,"name":"Shaded","section":"Shading Mode"},"sceneLighting":true,"audioPlay":false,"sceneViewState":{"m_AlwaysRefresh":false,"showFog":true,"showSkybox":true,"showFlares":true,"showImageEffects":true,"showParticleSystems":true,"showVisualEffectGraphs":true,"m_FxEnabled":true},"in2DMode":false,"pivot":{"x":7.694433212280273,"y":1.7019001245498658,"z":28.325105667114259},"rotation":{"x":0.0311428252607584,"y":0.054641351103782657,"z":0.0017214574618265033,"w":-0.9981551170349121},"size":0.8660253882408142,"orthographic":false}