{"cameraMode":{"drawMode":0,"name":"Shaded","section":"Shading Mode"},"sceneLighting":true,"audioPlay":false,"sceneViewState":{"m_AlwaysRefresh":false,"showFog":true,"showSkybox":true,"showFlares":true,"showImageEffects":true,"showParticleSystems":true,"showVisualEffectGraphs":true,"m_FxEnabled":true},"in2DMode":false,"pivot":{"x":16.006183624267579,"y":6.956446647644043,"z":28.711599349975587},"rotation":{"x":0.004793148022145033,"y":-0.9583393335342407,"z":0.2857813835144043,"w":0.015991784632205964},"size":0.8660253882408142,"orthographic":false}