{"cameraMode":{"drawMode":0,"name":"Shaded","section":"Shading Mode"},"sceneLighting":true,"audioPlay":false,"sceneViewState":{"m_AlwaysRefresh":false,"showFog":true,"showSkybox":true,"showFlares":true,"showImageEffects":true,"showParticleSystems":true,"showVisualEffectGraphs":true,"m_FxEnabled":true},"in2DMode":false,"pivot":{"x":3.2204031944274904,"y":0.9673106670379639,"z":4.877237319946289},"rotation":{"x":0.09164266288280487,"y":-0.379213809967041,"z":0.037852056324481967,"w":0.9200581908226013},"size":0.8660253882408142,"orthographic":false}