{"cameraMode":{"drawMode":0,"name":"Shaded","section":"Shading Mode"},"sceneLighting":true,"audioPlay":false,"sceneViewState":{"m_AlwaysRefresh":false,"showFog":true,"showSkybox":true,"showFlares":true,"showImageEffects":true,"showParticleSystems":true,"showVisualEffectGraphs":true,"m_FxEnabled":true},"in2DMode":false,"pivot":{"x":-1.2694458961486817,"y":1.9047772884368897,"z":16.860462188720704},"rotation":{"x":0.013140315189957619,"y":-0.9861053824424744,"z":0.12532112002372743,"w":0.11085100471973419},"size":0.2370983362197876,"orthographic":false}